{"cameraMode":{"drawMode":0,"name":"Shaded","section":"Shading Mode"},"sceneLighting":true,"audioPlay":false,"sceneViewState":{"m_AlwaysRefresh":false,"showFog":false,"showSkybox":false,"showFlares":false,"showImageEffects":false,"showParticleSystems":false,"showVisualEffectGraphs":false,"m_FxEnabled":true},"in2DMode":false,"pivot":{"x":-2.2626943588256838,"y":1.7810300588607789,"z":15.364011764526368},"rotation":{"x":-0.0000267425348283723,"y":-0.8894245624542236,"z":0.0003606260579545051,"w":0.4573119580745697},"size":0.9049965143203735,"orthographic":false}